Zona_Pais,01-2025,02-2025,03-2025,04-2025,05-2025,06-2025,07-2025,08-2025,09-2025,10-2025,11-2025,12-2025,01-2026,02-2026,Total_2025,Total_2026,Total
TOTAL,298475.0,293784.0,336476.0,252867.0,205803.0,232571.0,262048.0,199959.0,121815.0,145663.0,247387.0,347143.0,321992.0,331967.0,2943991.0,653959.0,3597950.0
AMERICA DEL NORTE,202581.0,199882.0,247595.0,171151.0,149633.0,177467.0,179300.0,124758.0,69698.0,85817.0,157377.0,234341.0,224641.0,230248.0,1999600.0,454889.0,2454489.0
CANADA,42440.0,39843.0,38851.0,23193.0,11508.0,8996.0,12551.0,10399.0,5144.0,9703.0,28897.0,42556.0,51655.0,52221.0,274081.0,103876.0,377957.0
ESTADOS UNIDOS,154170.0,153380.0,200831.0,138949.0,130004.0,161583.0,156348.0,104920.0,57064.0,69581.0,119833.0,181144.0,165662.0,171365.0,1627807.0,337027.0,1964834.0
MEXICO,5971.0,6659.0,7913.0,9009.0,8121.0,6888.0,10401.0,9439.0,7490.0,6533.0,8647.0,10641.0,7324.0,6662.0,97712.0,13986.0,111698.0
AMERICA CENTRAL,22762.0,18287.0,17983.0,18658.0,15945.0,17835.0,19191.0,18092.0,19311.0,20584.0,23990.0,35212.0,20640.0,18134.0,247850.0,38774.0,286624.0
BELICE,58.0,32.0,68.0,59.0,56.0,46.0,63.0,110.0,76.0,115.0,65.0,73.0,58.0,47.0,821.0,105.0,926.0
EL SALVADOR,2071.0,2063.0,2132.0,2378.0,1984.0,2021.0,2240.0,2564.0,2011.0,2656.0,3140.0,5516.0,2222.0,1985.0,30776.0,4207.0,34983.0
GUATEMALA,2888.0,3629.0,3451.0,3588.0,3188.0,4108.0,2891.0,3715.0,3103.0,4296.0,5580.0,5795.0,2883.0,3475.0,46232.0,6358.0,52590.0
HONDURAS,1672.0,1576.0,1419.0,1874.0,1375.0,1857.0,1868.0,1546.0,2368.0,2928.0,2582.0,3374.0,1525.0,1262.0,24439.0,2787.0,27226.0
NICARAGUA,11112.0,7231.0,7176.0,7674.0,6198.0,6313.0,8245.0,6425.0,7442.0,6675.0,7809.0,15254.0,9186.0,6828.0,97554.0,16014.0,113568.0
PANAMA,4961.0,3756.0,3737.0,3085.0,3144.0,3490.0,3884.0,3732.0,4311.0,3914.0,4814.0,5200.0,4766.0,4537.0,48028.0,9303.0,57331.0
AMÉRICA DEL SUR,14931.0,14608.0,13159.0,12942.0,12164.0,11797.0,13270.0,11517.0,10649.0,11038.0,14027.0,15487.0,16478.0,15632.0,155589.0,32110.0,187699.0
ARGENTINA,5680.0,3940.0,3530.0,2925.0,2603.0,2205.0,2994.0,2272.0,2005.0,1993.0,2887.0,3958.0,5677.0,4150.0,36992.0,9827.0,46819.0
BOLIVIA,138.0,116.0,117.0,88.0,177.0,132.0,142.0,101.0,115.0,141.0,183.0,164.0,188.0,108.0,1614.0,296.0,1910.0
BRASIL,2239.0,2160.0,2367.0,2222.0,2087.0,1949.0,2652.0,1791.0,1715.0,1547.0,2668.0,2598.0,2731.0,2655.0,25995.0,5386.0,31381.0
CHILE,2104.0,2815.0,1633.0,1518.0,1411.0,1430.0,1315.0,1365.0,1394.0,1271.0,1475.0,1608.0,2004.0,2568.0,19339.0,4572.0,23911.0
COLOMBIA,2209.0,2498.0,2612.0,3101.0,2638.0,3317.0,2973.0,2892.0,2777.0,3291.0,3313.0,3359.0,2539.0,2654.0,34980.0,5193.0,40173.0
ECUADOR,416.0,464.0,596.0,693.0,763.0,503.0,553.0,894.0,552.0,689.0,713.0,899.0,615.0,601.0,7735.0,1216.0,8951.0
GUYANA,24.0,66.0,16.0,22.0,53.0,23.0,47.0,40.0,16.0,29.0,15.0,20.0,32.0,21.0,371.0,53.0,424.0
GUYANA FRANCESA,0.0,0.0,0.0,0.0,0.0,0.0,0.0,0.0,0.0,0.0,0.0,0.0,0.0,0.0,0.0,0.0,0.0
PARAGUAY,88.0,62.0,120.0,129.0,103.0,78.0,80.0,69.0,116.0,65.0,141.0,68.0,100.0,63.0,1119.0,163.0,1282.0
PERU,1194.0,1594.0,1376.0,1377.0,1576.0,1187.0,1681.0,1239.0,1154.0,1372.0,1758.0,1745.0,1750.0,2000.0,17253.0,3750.0,21003.0
SURINAM,15.0,26.0,6.0,4.0,4.0,7.0,5.0,8.0,13.0,8.0,5.0,7.0,2.0,4.0,119.0,6.0,125.0
URUGUAY,484.0,435.0,376.0,520.0,361.0,570.0,442.0,410.0,316.0,252.0,428.0,495.0,520.0,427.0,5089.0,947.0,6036.0
VENEZUELA,340.0,432.0,410.0,343.0,388.0,396.0,386.0,436.0,476.0,381.0,430.0,565.0,320.0,381.0,4983.0,701.0,5684.0
CARIBE,649.0,841.0,819.0,947.0,988.0,1019.0,1108.0,1215.0,863.0,875.0,1092.0,893.0,845.0,1143.0,11309.0,1988.0,13297.0
BAHAMAS,28.0,23.0,52.0,67.0,58.0,78.0,101.0,85.0,60.0,71.0,72.0,40.0,37.0,63.0,735.0,100.0,835.0
BERMUDA,4.0,3.0,5.0,6.0,8.0,8.0,11.0,5.0,3.0,2.0,13.0,5.0,3.0,3.0,73.0,6.0,79.0
CUBA,71.0,90.0,107.0,84.0,130.0,102.0,198.0,183.0,128.0,172.0,195.0,206.0,174.0,171.0,1666.0,345.0,2011.0
HAITÍ,26.0,28.0,36.0,22.0,27.0,17.0,21.0,33.0,30.0,24.0,25.0,28.0,25.0,14.0,317.0,39.0,356.0
JAMAICA,48.0,84.0,62.0,95.0,79.0,82.0,90.0,81.0,64.0,61.0,76.0,71.0,52.0,115.0,893.0,167.0,1060.0
PUERTO RICO,0.0,0.0,0.0,5.0,22.0,27.0,18.0,31.0,8.0,21.0,19.0,5.0,10.0,11.0,156.0,21.0,177.0
REPÚBLICA DOMINICANA,367.0,455.0,437.0,523.0,425.0,542.0,520.0,625.0,427.0,425.0,544.0,356.0,442.0,415.0,5646.0,857.0,6503.0
TRINIDAD Y TOBAGO,49.0,93.0,61.0,65.0,122.0,91.0,92.0,92.0,84.0,45.0,68.0,111.0,39.0,153.0,973.0,192.0,1165.0
OTROS CARIBE,56.0,65.0,59.0,80.0,117.0,72.0,57.0,80.0,59.0,54.0,80.0,71.0,63.0,198.0,850.0,261.0,1111.0
EUROPA,52837.0,55883.0,50122.0,44350.0,22153.0,20594.0,45087.0,40367.0,18379.0,23986.0,44674.0,53210.0,54283.0,61587.0,471642.0,115870.0,587512.0
ALEMANIA,9653.0,10049.0,10907.0,7708.0,3629.0,2824.0,5160.0,6415.0,3549.0,5397.0,9537.0,8672.0,9298.0,11036.0,83500.0,20334.0,103834.0
AUSTRIA,1112.0,1309.0,845.0,614.0,338.0,328.0,1073.0,629.0,298.0,410.0,791.0,981.0,1018.0,1277.0,8728.0,2295.0,11023.0
BELGICA,1339.0,1649.0,1178.0,1262.0,518.0,724.0,1924.0,1010.0,548.0,559.0,1177.0,1255.0,1147.0,1858.0,13143.0,3005.0,16148.0
DINAMARCA,1164.0,1140.0,827.0,563.0,219.0,253.0,786.0,173.0,158.0,439.0,658.0,973.0,1167.0,1372.0,7353.0,2539.0,9892.0
ESLOVAQUIA,190.0,317.0,148.0,162.0,150.0,118.0,82.0,84.0,65.0,119.0,166.0,186.0,241.0,333.0,1787.0,574.0,2361.0
ESPAÑA,3413.0,3746.0,4267.0,4734.0,3292.0,4069.0,7069.0,10226.0,3712.0,3460.0,5087.0,4794.0,3962.0,4401.0,57869.0,8363.0,66232.0
FINLANDIA,248.0,247.0,152.0,112.0,113.0,78.0,89.0,72.0,62.0,84.0,229.0,360.0,269.0,251.0,1846.0,520.0,2366.0
FRANCIA,9387.0,11996.0,9187.0,6495.0,2773.0,2087.0,5927.0,5733.0,1721.0,2959.0,5343.0,7715.0,9394.0,12808.0,71323.0,22202.0,93525.0
HUNGRIA,418.0,300.0,334.0,220.0,127.0,89.0,128.0,116.0,78.0,140.0,273.0,385.0,496.0,381.0,2608.0,0.0,2608.0
IRLANDA,494.0,511.0,500.0,500.0,401.0,382.0,577.0,438.0,201.0,235.0,482.0,535.0,548.0,493.0,5256.0,1041.0,6297.0
ISRAEL,1089.0,1048.0,928.0,1780.0,1193.0,859.0,1266.0,1073.0,1144.0,700.0,920.0,1317.0,1698.0,1624.0,13317.0,3322.0,16639.0
ITALIA,2296.0,2151.0,1961.0,1969.0,1088.0,1090.0,1493.0,2839.0,840.0,1133.0,2146.0,3704.0,2643.0,2577.0,22710.0,5220.0,27930.0
NORUEGA,549.0,474.0,302.0,367.0,116.0,220.0,287.0,133.0,117.0,224.0,332.0,764.0,506.0,589.0,3885.0,1095.0,4980.0
PAISES BAJOS,3826.0,3531.0,3013.0,3169.0,1559.0,1285.0,7169.0,2954.0,1297.0,1594.0,3209.0,3519.0,3938.0,3823.0,36125.0,7761.0,43886.0
POLONIA,1345.0,1454.0,841.0,546.0,362.0,342.0,430.0,448.0,266.0,502.0,1322.0,979.0,1637.0,1658.0,8837.0,3295.0,12132.0
PORTUGAL,438.0,401.0,582.0,681.0,410.0,292.0,382.0,455.0,302.0,239.0,672.0,568.0,500.0,581.0,5422.0,1081.0,6503.0
REINO UNIDO,8828.0,8720.0,8398.0,8314.0,3372.0,3039.0,6823.0,4911.0,1975.0,2638.0,6262.0,7074.0,8262.0,9005.0,70354.0,17267.0,87621.0
REPUBLICA CHECA,897.0,1090.0,841.0,383.0,193.0,250.0,368.0,228.0,277.0,371.0,1026.0,891.0,992.0,1182.0,6815.0,2174.0,8989.0
RUMANIA,318.0,256.0,172.0,142.0,95.0,73.0,109.0,176.0,108.0,137.0,272.0,460.0,303.0,262.0,2318.0,565.0,2883.0
RUSIA,385.0,373.0,413.0,279.0,217.0,243.0,281.0,259.0,162.0,274.0,414.0,558.0,502.0,425.0,3858.0,927.0,4785.0
SUECIA,988.0,877.0,614.0,383.0,204.0,279.0,274.0,184.0,171.0,335.0,683.0,2243.0,1243.0,1052.0,7235.0,2295.0,9530.0
SUIZA,2835.0,2620.0,2273.0,2806.0,1069.0,1052.0,2602.0,901.0,823.0,1295.0,2183.0,3250.0,2704.0,2795.0,23709.0,5499.0,29208.0
OTROS EUROPA,1625.0,1624.0,1439.0,1161.0,715.0,618.0,788.0,910.0,505.0,742.0,1490.0,2027.0,1815.0,1804.0,13644.0,3619.0,17263.0
ASIA Y EL PACIFICO,4329.0,3892.0,6318.0,4418.0,4479.0,3563.0,3650.0,3654.0,2645.0,3079.0,5679.0,7519.0,4746.0,4837.0,53225.0,9583.0,62808.0
CHINA,907.0,923.0,2188.0,1109.0,1172.0,836.0,874.0,1023.0,787.0,966.0,1833.0,2008.0,1412.0,1220.0,14626.0,2632.0,17258.0
FILIPINAS,218.0,178.0,185.0,232.0,192.0,157.0,155.0,176.0,159.0,161.0,178.0,166.0,232.0,177.0,2157.0,409.0,2566.0
INDIA,683.0,751.0,1450.0,1066.0,1161.0,844.0,911.0,814.0,478.0,516.0,1539.0,2497.0,730.0,927.0,12710.0,1657.0,14367.0
JAPON,356.0,462.0,576.0,358.0,332.0,273.0,313.0,356.0,232.0,214.0,383.0,660.0,433.0,678.0,4515.0,1111.0,5626.0
REP. DE COREA (SUR),350.0,322.0,339.0,238.0,264.0,264.0,274.0,180.0,173.0,234.0,254.0,310.0,235.0,420.0,3202.0,655.0,3857.0
REP. DEM. POP. DE COREA (NORTE),0.0,0.0,0.0,0.0,0.0,0.0,0.0,0.0,0.0,0.0,0.0,0.0,0.0,0.0,0.0,0.0,0.0
TAIWAN,124.0,86.0,160.0,86.0,96.0,89.0,85.0,66.0,78.0,65.0,163.0,122.0,113.0,143.0,1220.0,256.0,1476.0
AUSTRALIA,1193.0,746.0,825.0,860.0,770.0,642.0,620.0,585.0,424.0,563.0,835.0,1117.0,1062.0,837.0,9180.0,1899.0,11079.0
NUEVA ZELANDA,242.0,174.0,185.0,252.0,198.0,219.0,200.0,231.0,144.0,156.0,180.0,238.0,200.0,163.0,2419.0,363.0,2782.0
OTROS ASIA Y EL PACIFICO,256.0,250.0,410.0,217.0,294.0,239.0,218.0,223.0,170.0,204.0,314.0,401.0,329.0,272.0,3196.0,601.0,3797.0
ÁFRICA,284.0,314.0,374.0,301.0,327.0,218.0,290.0,277.0,221.0,204.0,363.0,359.0,264.0,300.0,3532.0,564.0,4096.0
MARRUECOS,33.0,34.0,11.0,32.0,21.0,15.0,21.0,33.0,13.0,16.0,33.0,40.0,34.0,22.0,302.0,56.0,358.0
NIGERIA,15.0,37.0,25.0,28.0,48.0,27.0,36.0,38.0,19.0,17.0,33.0,28.0,10.0,45.0,351.0,55.0,406.0
SUDAFRICA,146.0,145.0,186.0,150.0,177.0,120.0,149.0,136.0,139.0,96.0,185.0,183.0,148.0,162.0,1812.0,310.0,2122.0
OTROS ÁFRICA,90.0,98.0,152.0,91.0,81.0,56.0,84.0,70.0,50.0,75.0,112.0,108.0,72.0,71.0,1067.0,143.0,1210.0
ORIENTE MEDIO,102.0,77.0,106.0,100.0,114.0,78.0,152.0,79.0,49.0,80.0,185.0,122.0,95.0,86.0,1244.0,181.0,1425.0
ARABIA SAUDITA,20.0,12.0,13.0,20.0,21.0,23.0,61.0,13.0,17.0,21.0,49.0,21.0,23.0,6.0,291.0,29.0,320.0
EGIPTO,22.0,16.0,7.0,20.0,24.0,14.0,16.0,18.0,8.0,18.0,47.0,36.0,27.0,17.0,246.0,44.0,290.0
EMIRATOS ARABES UNIDOS,7.0,10.0,6.0,3.0,13.0,6.0,26.0,3.0,8.0,6.0,16.0,8.0,2.0,8.0,112.0,10.0,122.0
JORDANIA,9.0,9.0,14.0,8.0,15.0,6.0,9.0,9.0,5.0,6.0,8.0,6.0,11.0,9.0,104.0,20.0,124.0
LIBANO,18.0,16.0,34.0,22.0,23.0,8.0,7.0,12.0,1.0,10.0,14.0,19.0,7.0,22.0,184.0,29.0,213.0
OTROS ORIENTE MEDIO,26.0,14.0,32.0,27.0,18.0,21.0,33.0,24.0,10.0,19.0,51.0,32.0,25.0,24.0,307.0,49.0,356.0
