Ano,2017,2018,2019,2020,2021,2022,2023,2024,2025
Total,2 959 869,3 016 667,3 139 008,1 011 912,1 347 055,2 349 537,2 751 134,2 919 483,2 943 991
América del norte,1 507 945,1 580 991,1 666 571, 571 010, 958 792,1 533 502,1 820 038,1 989 725,1 999 600
Canadá, 201 921, 217 006, 234 621, 115 632, 53 185, 183 678, 260 744, 272 256, 274 081
Estados Unidos,1 199 241,1 265 067,1 334 777, 434 775, 868 986,1 290 038,1 473 620,1 621 340,1 627 807
México, 106 783, 98 918, 97 173, 20 603, 36 621, 59 786, 85 674, 96 129, 97 712
América Central, 735 178, 691 386, 698 601, 202 374, 78 425, 194 242, 235 712, 235 860, 247 850
Belice,  970,  964, 1 103,  203,  274,  517,  782,  720,  821
El Salvador, 81 091, 76 937, 78 948, 20 898, 12 300, 28 173, 31 849, 28 258, 30 776
Guatemala, 78 032, 65 633, 69 471, 18 549, 15 638, 30 991, 43 075, 45 576, 46 232
Honduras, 40 300, 38 135, 42 024, 10 171, 7 436, 18 733, 20 505, 18 710, 24 439
Nicaragua, 429 990, 416 915, 414 983, 123 956, 27 634, 78 473, 94 083, 95 799, 97 554
Panamá, 104 795, 92 802, 92 072, 28 597, 15 143, 37 355, 45 418, 46 797, 48 028
América del Sur, 181 399, 190 413, 195 581, 50 237, 60 221, 110 852, 134 399, 136 466, 155 589
Argentina, 30 992, 40 832, 37 948, 10 571, 8 868, 20 746, 28 564, 28 736, 36 992
Bolivia, 2 115, 2 181, 2 638,  584,  797, 1 280, 1 859, 1 792, 1 614
Brasil, 21 485, 22 329, 26 815, 6 466, 11 864, 15 878, 21 249, 21 484, 25 995
Chile, 13 555, 18 297, 21 235, 6 487, 5 200, 15 317, 20 164, 19 340, 19 339
Colombia, 47 953, 46 723, 44 557, 11 254, 14 919, 25 547, 29 267, 31 361, 34 980
Ecuador, 6 306, 6 280, 6 434, 1 446, 1 798, 4 151, 5 698, 6 716, 7 735
Guyana,  248,  214,  290,  45,  100,  204,  287,  322,  371
Guyana Francesa,0,0,0,0,  1,0,0,  1,0
Paraguay, 1 017, 1 005, 1 603,  234,  310,  798,  936,  982, 1 119
Perú, 13 261, 14 865, 17 007, 4 029, 5 996, 17 163, 17 179, 15 852, 17 253
Surinam,  91,  98,  89,  14,  11,  50,  127,  107,  119
Uruguay, 4 099, 4 392, 5 041, 1 436, 1 883, 3 661, 4 153, 4 465, 5 089
Venezuela, 40 277, 33 197, 31 924, 7 671, 8 474, 6 057, 4 916, 5 308, 4 983
Caribe, 13 381, 12 997, 13 510, 3 247, 4 452, 7 457, 10 062, 10 628, 11 309
Bahamas,  423,  355,  367,  79,  252,  319,  522,  506,  735
Bermuda,  364,  344,  339,  47,  61,  99,  121,  64,  73
Cuba, 3 167, 3 149, 3 042, 1 126,  739,  697, 1 033, 1 196, 1 666
Haití,  399,  409,  502,  121,  341,  409,  378,  446,  317
Jamaica,  982,  997, 1 180,  223,  622,  874,  993, 1 057,  893
Puerto Rico1,  13,  7,  5,0,0,  1,  1,  3,  156
República Dominicana, 5 956, 5 897, 6 071, 1 313, 1 798, 3 839, 5 156, 5 496, 5 646
Trinidad y Tobago, 1 356, 1 212, 1 371,  217,  354,  696, 1 085, 1 065,  973
Otros Caribe,  721,  627,  633,  121,  285,  523,  773,  795,  850
Europa, 462 295, 480 102, 500 602, 169 949, 229 813, 469 643, 499 519, 485 725, 471 642
Alemania, 70 960, 74 574, 80 580, 28 821, 34 700, 79 701, 91 511, 86 571, 83 500
Austria, 7 688, 8 089, 8 322, 3 146, 3 827, 8 402, 9 327, 9 148, 8 728
Bélgica, 12 275, 12 381, 12 256, 3 777, 5 460, 11 861, 12 814, 13 606, 13 143
Dinamarca, 6 123, 6 574, 7 191, 3 255, 3 045, 8 641, 7 968, 8 155, 7 353
Eslovaquia, 1 236, 1 323, 1 296,  556, 1 122, 1 767, 1 783, 1 746, 1 787
España, 69 782, 68 634, 69 745, 14 801, 41 857, 58 367, 59 242, 59 201, 57 869
Finlandia, 1 894, 1 824, 1 832,  728,  569, 1 513, 1 993, 1 893, 1 846
Francia, 69 803, 74 032, 77 013, 35 267, 32 199, 65 411, 74 484, 76 685, 71 323
Hungría, 1 357, 1 636, 1 966,  880, 1 391, 2 252, 2 374, 2 692, 2 608
Irlanda, 4 321, 4 578, 4 411, 1 212, 1 430, 4 969, 5 495, 5 633, 5 256
Israel, 14 563, 14 359, 14 869, 4 351, 13 148, 18 770, 15 172, 10 041, 13 317
Italia, 29 047, 29 171, 30 196, 8 936, 9 061, 18 089, 21 391, 21 832, 22 710
Noruega, 3 485, 3 784, 4 007, 1 172, 1 021, 3 848, 3 998, 3 780, 3 885
Países Bajos, 30 316, 32 561, 34 712, 10 421, 10 784, 34 518, 37 464, 36 638, 36 125
Polonia, 4 186, 5 056, 6 212, 2 340, 5 533, 7 116, 7 496, 7 708, 8 837
Portugal, 4 268, 5 808, 5 953, 1 459, 3 173, 5 169, 5 526, 5 530, 5 422
Reino Unido, 76 173, 74 338, 78 562, 24 623, 18 048, 77 810, 77 376, 74 674, 70 354
Republica Checa, 3 028, 3 909, 3 723, 1 966, 5 571, 5 762, 6 524, 6 667, 6 815
Rumanía, 1 695, 2 032, 2 091,  855, 1 426, 1 974, 2 290, 2 352, 2 318
Rusia, 4 657, 4 765, 5 562, 2 049, 3 506, 4 342, 4 861, 4 177, 3 858
Suecia, 9 985, 11 117, 10 979, 4 283, 3 690, 7 727, 7 207, 7 309, 7 235
Suiza, 25 395, 28 884, 27 841, 10 487, 21 643, 29 766, 29 429, 26 541, 23 709
Otros Europa, 10 058, 10 673, 11 283, 4 564, 7 609, 11 868, 13 794, 13 146, 13 644
Otras Zonas, 59 671, 60 778, 64 143, 15 095, 15 352, 33 841, 51 404, 61 079, 58 001
Total Vía Aérea,2 189 234,2 314 888,2 418 300, 789 833,1 270 483,2 117 960,2 471 150,2 661 488,2 689 278
América del norte Vía Aérea,1 420 770,1 512 455,1 592 888, 547 466, 937 802,1 480 603,1 756 578,1 936 937,1 949 344
Canadá Vía Aérea, 182 662, 200 320, 218 982, 107 964, 49 917, 171 033, 242 970, 257 395, 260 347
Estados Unidos Vía Aérea,1 137 006,1 217 511,1 283 112, 419 978, 852 182,1 252 469,1 431 644,1 587 138,1 594 882
México Vía Aérea, 101 102, 94 624, 90 794, 19 524, 35 703, 57 101, 81 964, 92 404, 94 115
América Central Vía Aérea, 165 021, 149 450, 144 330, 32 746, 43 974, 86 924, 105 030, 103 945, 112 032
Belice Vía Aérea,  839,  865,  965,  176,  267,  455,  647,  614,  726
El Salvador Vía Aérea, 37 538, 36 491, 35 949, 7 868, 11 257, 23 572, 26 247, 22 826, 24 846
Guatemala Vía Aérea, 52 207, 40 490, 43 084, 9 151, 14 998, 29 015, 40 470, 42 485, 42 861
Honduras Vía Aérea, 15 668, 17 842, 17 619, 3 904, 5 374, 11 148, 12 248, 11 969, 15 240
Nicaragua Vía Aérea, 21 246, 23 594, 18 299, 5 015, 5 106, 9 156, 8 245, 8 373, 8 530
Panamá Vía Aérea, 37 523, 30 168, 28 414, 6 632, 6 972, 13 578, 17 173, 17 678, 19 829
América del Sur Vía Aérea, 157 634, 172 719, 173 635, 44 791, 57 663, 102 484, 122 726, 126 770, 145 148
Argentina Vía Aérea, 24 474, 33 341, 30 615, 8 513, 8 058, 17 731, 23 718, 25 009, 32 443
Bolivia Vía Aérea, 1 936, 2 026, 2 301,  528,  773, 1 174, 1 711, 1 680, 1 455
Brasil Vía Aérea, 19 766, 20 659, 23 769, 5 991, 11 503, 14 830, 19 788, 20 102, 24 589
Chile Vía Aérea, 11 636, 16 114, 18 357, 5 609, 4 898, 13 634, 17 776, 17 377, 17 541
Colombia Vía Aérea, 45 218, 44 180, 41 988, 10 559, 14 610, 24 816, 28 463, 30 531, 34 141
Ecuador Vía Aérea, 6 008, 6 002, 5 917, 1 399, 1 762, 4 041, 5 554, 6 529, 7 535
Guyana Vía Aérea,  208,  201,  235,  41,  92,  182,  264,  294,  343
Guyana Francesa Vía Aérea,0,0,0,0,  1,0,0,  1,0
Paraguay Vía Aérea,  938,  926, 1 308,  219,  299,  752,  877,  934, 1 059
Perú Vía Aérea, 12 114, 13 763, 15 615, 3 709, 5 786, 16 118, 15 984, 14 964, 16 370
Surinam Vía Aérea,  88,  98,  89,  14,  8,  46,  122,  107,  117
Uruguay Vía Aérea, 3 585, 3 977, 4 475, 1 284, 1 764, 3 363, 3 747, 4 157, 4 806
Venezuela Vía Aérea, 31 663, 31 432, 28 966, 6 925, 8 109, 5 797, 4 722, 5 085, 4 749
Caribe Vía Aérea, 12 903, 12 561, 12 868, 2 810, 4 353, 7 214, 9 759, 10 303, 10 963
Bahamas Vía Aérea,  414,  341,  351,  72,  244,  312,  505,  490,  706
Bermuda Vía Aérea,  341,  331,  330,  44,  61,  98,  118,  64,  73
Cuba Vía Aérea, 3 085, 3 073, 2 809,  769,  729,  655,  998, 1 154, 1 595
Haití Vía Aérea,  384,  387,  484,  116,  337,  400,  370,  434,  307
Jamaica Vía Aérea,  932,  966, 1 135,  213,  604,  849,  952, 1 018,  858
Puerto Rico¹ Vía Aérea,  13,  7,  5,0,0,  1,0,  3,  155
República Dominicana Vía Aérea, 5 749, 5 702, 5 822, 1 276, 1 776, 3 741, 5 043, 5 360, 5 516
Trinidad y Tobago Vía Aérea, 1 300, 1 159, 1 326,  207,  345,  668, 1 015, 1 020,  941
Otros Caribe Vía Aérea,  685,  595,  606,  113,  257,  490,  758,  760,  812
Europa Vía Aérea, 383 066, 414 722, 438 284, 149 023, 212 639, 410 832, 431 980, 428 637, 419 820
Alemania Vía Aérea, 54 424, 61 048, 67 357, 23 845, 31 739, 66 716, 75 461, 73 654, 71 805
Austria Vía Aérea, 5 996, 6 705, 7 020, 2 601, 3 531, 7 134, 7 785, 7 784, 7 508
Bélgica Vía Aérea, 10 364, 10 855, 11 029, 3 339, 5 073, 10 515, 11 269, 12 328, 12 069
Dinamarca Vía Aérea, 4 938, 5 587, 6 321, 2 932, 2 824, 7 717, 6 960, 6 915, 6 392
Eslovaquia Vía Aérea,  921,  994,  999,  455, 1 052, 1 596, 1 495, 1 521, 1 622
España Vía Aérea, 61 413, 61 286, 62 783, 13 354, 39 618, 53 217, 53 782, 54 145, 53 251
Finlandia Vía Aérea, 1 366, 1 426, 1 490,  596,  533, 1 236, 1 673, 1 581, 1 606
Francia Vía Aérea, 61 793, 66 984, 70 641, 32 576, 30 129, 59 504, 67 469, 70 426, 65 692
Hungría Vía Aérea, 1 051, 1 338, 1 656,  760, 1 320, 2 066, 2 103, 2 479, 2 383
Irlanda Vía Aérea, 3 176, 3 792, 3 705, 1 007, 1 279, 4 105, 4 414, 4 473, 4 329
Israel Vía Aérea, 11 895, 11 803, 12 248, 3 845, 10 945, 14 590, 12 079, 8 557, 11 817
Italia Vía Aérea, 23 693, 24 373, 25 388, 7 510, 8 177, 15 448, 18 224, 19 410, 20 296
Noruega Vía Aérea, 2 706, 3 108, 3 389,  981,  907, 3 251, 3 324, 3 227, 3 194
Países Bajos Vía Aérea, 24 524, 27 946, 30 502, 8 947, 9 699, 28 693, 31 502, 31 746, 31 697
Polonia Vía Aérea, 2 818, 3 729, 4 475, 1 795, 5 197, 6 067, 6 260, 6 413, 7 176
Portugal Vía Aérea, 3 571, 4 872, 5 228, 1 252, 2 925, 4 709, 4 999, 5 007, 4 968
Reino Unido Vía Aérea, 63 630, 66 708, 70 972, 22 288, 16 674, 70 425, 67 962, 66 343, 63 471
República Checa Vía Aérea, 2 266, 3 123, 3 072, 1 666, 5 351, 5 070, 5 596, 5 879, 5 974
Rumanía Vía Aérea, 1 322, 1 744, 1 761,  738, 1 263, 1 640, 1 914, 2 079, 1 998
Rusia Vía Aérea, 3 615, 3 789, 4 467, 1 625, 3 234, 3 640, 3 978, 3 425, 3 188
Suecia Vía Aérea, 8 238, 9 512, 9 805, 3 673, 3 437, 6 775, 6 230, 6 461, 6 369
Suiza Vía Aérea, 21 464, 25 175, 24 692, 9 281, 20 547, 26 109, 25 473, 23 181, 20 924
Otros Europa Vía Aérea, 7 882, 8 825, 9 284, 3 957, 7 185, 10 609, 12 028, 11 603, 12 091
Otras Zonas Vía Aérea, 49 840, 52 981, 56 295, 12 997, 14 052, 29 903, 45 077, 54 896, 51 971
Total Otras Vías, 770 635, 701 779, 720 708, 222 079, 76 572, 231 577, 279 984, 257 995, 254 713
América del norte Otras Vías, 87 175, 68 536, 73 683, 23 544, 20 990, 52 899, 63 460, 52 788, 50 256
Canadá Otras Vías, 19 259, 16 686, 15 639, 7 668, 3 268, 12 645, 17 774, 14 861, 13 734
Estados Unidos Otras Vías, 62 235, 47 556, 51 665, 14 797, 16 804, 37 569, 41 976, 34 202, 32 925
México Otras Vías, 5 681, 4 294, 6 379, 1 079,  918, 2 685, 3 710, 3 725, 3 597
América Central Otras Vías, 570 157, 541 936, 554 271, 169 628, 34 451, 107 318, 130 682, 131 915, 135 818
Belice Otras Vías,  131,  99,  138,  27,  7,  62,  135,  106,  95
El Salvador Otras Vías, 43 553, 40 446, 42 999, 13 030, 1 043, 4 601, 5 602, 5 432, 5 930
Guatemala Otras Vías, 25 825, 25 143, 26 387, 9 398,  640, 1 976, 2 605, 3 091, 3 371
Honduras Otras Vías, 24 632, 20 293, 24 405, 6 267, 2 062, 7 585, 8 257, 6 741, 9 199
Nicaragua Otras Vías, 408 744, 393 321, 396 684, 118 941, 22 528, 69 317, 85 838, 87 426, 89 024
Panamá Otras Vías, 67 272, 62 634, 63 658, 21 965, 8 171, 23 777, 28 245, 29 119, 28 199
América del Sur Otras Vías, 23 765, 17 694, 21 946, 5 446, 2 558, 8 368, 11 673, 9 696, 10 441
Argentina Otras Vías, 6 518, 7 491, 7 333, 2 058,  810, 3 015, 4 846, 3 727, 4 549
Bolivia Otras Vías,  179,  155,  337,  56,  24,  106,  148,  112,  159
Brasil Otras Vías, 1 719, 1 670, 3 046,  475,  361, 1 048, 1 461, 1 382, 1 406
Chile Otras Vías, 1 919, 2 183, 2 878,  878,  302, 1 683, 2 388, 1 963, 1 798
Colombia Otras Vías, 2 735, 2 543, 2 569,  695,  309,  731,  804,  830,  839
Ecuador Otras Vías,  298,  278,  517,  47,  36,  110,  144,  187,  200
Guyana Otras Vías,  40,  13,  55,  4,  8,  22,  23,  28,  28
Guyana Francesa Otras Vías,0,0,0,0,0,0,0,0,0
Paraguay Otras Vías,  79,  79,  295,  15,  11,  46,  59,  48,  60
Perú Otras Vías, 1 147, 1 102, 1 392,  320,  210, 1 045, 1 195,  888,  883
Surinam Otras Vías,  3,0,0,0,  3,  4,  5,0,  2
Uruguay Otras Vías,  514,  415,  566,  152,  119,  298,  406,  308,  283
Venezuela Otras Vías, 8 614, 1 765, 2 958,  746,  365,  260,  194,  223,  234
Caribe Otras Vías,  478,  436,  642,  437,  99,  243,  303,  325,  346
Bahamas Otras Vías,  9,  14,  16,  7,  8,  7,  17,  16,  29
Bermuda Otras Vías,  23,  13,  9,  3,0,  1,  3,0,0
Cuba Otras Vías,  82,  76,  233,  357,  10,  42,  35,  42,  71
Haití Otras Vías,  15,  22,  18,  5,  4,  9,  8,  12,  10
Jamaica Otras Vías,  50,  31,  45,  10,  18,  25,  41,  39,  35
Puerto Rico¹ Otras Vías,0,0,0,0,0,0,  1,0,  1
República Dominicana Otras Vías,  207,  195,  249,  37,  22,  98,  113,  136,  130
Trinidad y Tobago Otras Vías,  56,  53,  45,  10,  9,  28,  70,  45,  32
Otros Caribe Otras Vías,  36,  32,  27,  8,  28,  33,  15,  35,  38
Europa Otras Vías, 79 229, 65 380, 62 318, 20 926, 17 174, 58 811, 67 539, 57 088, 51 822
Alemania Otras Vías, 16 536, 13 526, 13 223, 4 976, 2 961, 12 985, 16 050, 12 917, 11 695
Austria Otras Vías, 1 692, 1 384, 1 302,  545,  296, 1 268, 1 542, 1 364, 1 220
Bélgica Otras Vías, 1 911, 1 526, 1 227,  438,  387, 1 346, 1 545, 1 278, 1 074
Dinamarca Otras Vías, 1 185,  987,  870,  323,  221,  924, 1 008, 1 240,  961
Eslovaquia Otras Vías,  315,  329,  297,  101,  70,  171,  288,  225,  165
España Otras Vías, 8 369, 7 348, 6 962, 1 447, 2 239, 5 150, 5 460, 5 056, 4 618
Finlandia Otras Vías,  528,  398,  342,  132,  36,  277,  320,  312,  240
Francia Otras Vías, 8 010, 7 048, 6 372, 2 691, 2 070, 5 907, 7 015, 6 259, 5 631
Hungría Otras Vías,  306,  298,  310,  120,  71,  186,  271,  213,  225
Irlanda Otras Vías, 1 145,  786,  706,  205,  151,  864, 1 081, 1 160,  927
Israel Otras Vías, 2 668, 2 556, 2 621,  506, 2 203, 4 180, 3 093, 1 484, 1 500
Italia Otras Vías, 5 354, 4 798, 4 808, 1 426,  884, 2 641, 3 167, 2 422, 2 414
Noruega Otras Vías,  779,  676,  618,  191,  114,  597,  674,  553,  691
Países Bajos Otras Vías, 5 792, 4 615, 4 210, 1 474, 1 085, 5 825, 5 962, 4 892, 4 428
Polonia Otras Vías, 1 368, 1 327, 1 737,  545,  336, 1 049, 1 236, 1 295, 1 661
Portugal Otras Vías,  697,  936,  725,  207,  248,  460,  527,  523,  454
Reino Unido Otras Vías, 12 543, 7 630, 7 590, 2 335, 1 374, 7 385, 9 414, 8 331, 6 883
República Checa Otras Vías,  762,  786,  651,  300,  220,  692,  928,  788,  841
Rumanía Otras Vías,  373,  288,  330,  117,  163,  334,  376,  273,  320
Rusia Otras Vías, 1 042,  976, 1 095,  424,  272,  702,  883,  752,  670
Suecia Otras Vías, 1 747, 1 605, 1 174,  610,  253,  952,  977,  848,  866
Suiza Otras Vías, 3 931, 3 709, 3 149, 1 206, 1 096, 3 657, 3 956, 3 360, 2 785
Otros Europa Otras Vías, 2 176, 1 848, 1 999,  607,  424, 1 259, 1 766, 1 543, 1 553
Otras Zonas Otras Vías, 9 831, 7 797, 7 848, 2 098, 1 300, 3 938, 6 327, 6 183, 6 030
